director,rating
Haile Gerima,TV-MA
Andy Devonshire,TV-14
Theodore Melfi,PG-13
Christian Schwochow,TV-MA
S. Shankar,TV-14
Dennis Dugan,PG-13
Scott Stewart,PG-13
Robert Luketic,PG-13
George Nolfi,PG-13
Steven Spielberg,PG
Jeannot Szwarc,PG
Joe Alves,PG
Joseph Sargent,PG-13
Daniel Espinosa,R
Antoine Fuqua,R
Toshiya Shinohara,TV-14
Toshiya Shinohara,TV-PG
Masahiko Murata,TV-14
Hajime Kamegaki,TV-PG
Masahiko Murata,TV-PG
Hirotsugu Kawasaki,TV-PG
Toshiyuki Tsuru,TV-PG
Tensai Okamura,TV-PG
Kemi Adetiba,TV-MA
Cedric Nicolas-Troyan,R
JJC Skillz,TV-MA
Funke Akindele,TV-MA
Alice Waddington,TV-MA
Raja Gosnell,PG
Stephen Kijak,TV-MA
Lijo Jose Pellissery,TV-14
David de Vos,G
Rahul Rawail,TV-14
Jane Campion,PG
Nagesh Kukunoor,TV-PG
Shanker Raman,TV-14
Jane Campion,R
Vidhu Vinod Chopra,TV-14
Mark Rosman,PG
Lasse Hallström,PG-13
Ridley Scott,R
Neill Blomkamp,R
Phillip Noyce,PG-13
Renny Harlin,R
Anthony Minghella,R
Simon Wincer,PG
Spike Lee,R
Sebastián Schindel,TV-MA
Steven C. Miller,R
Richard LaGravenese,PG-13
Martin Campbell,PG-13
Reginald Hudlin,R
George Jackson,R
Doug McHenry,R
Eric Meza,R
Michael Martin,R
Michael Rymer,R
Andrew Lau Wai-keung,TV-14
Alan Mak,TV-14
Brett Weiner,TV-MA
Jim Henson,PG
Gary Winick,PG
Danishka Esterhazy,TV-14
Troy Byer,PG-13
Pang Ho-cheung,TV-MA
Tim Burton,PG-13
Reginald Hudlin,PG-13
David Zucker,R
Kinka Usher,PG-13
Sergio Leone,R
Matthew O'Callaghan,PG
Todd Wilderman,PG
Bobby Farrelly,PG
Peter Farrelly,PG
Wolfgang Petersen,PG-13
Peter Spirer,R
Michael Carney,PG-13
Richard Linklater,PG-13
Amy Rice,PG-13
Randal Kleiser,R
Michael Ritchie,PG-13
J. Lee Thompson,TV-14
Evan Goldberg,R
Seth Rogen,R
Tom Shadyac,PG-13
Malcolm D. Lee,PG-13
Wolfgang Petersen,R
Ramzy Bedia,TV-MA
Éric Judor,TV-MA
Sharan Koppisetty,TV-14
Taylor Sheridan,R
Sachin Yardi,TV-14
Saurabh Kabra,TV-14
Partho Mitra,TV-14
Santram Varma,TV-14
Anil V. Kumar,TV-14
Anurag Basu,TV-14
Sangeeth Sivan,TV-MA
Umesh Ghadge,TV-MA
Sachin Yardi,TV-MA
David Dhawan,TV-14
Dibakar Banerjee,TV-MA
Apoorva Lakhia,TV-14
Milan Luthria,TV-14
Pawan Kripalani,TV-MA
Bhushan Patel,TV-MA
Apoorva Lakhia,TV-MA
Raj Nidimoru,TV-14
Krishna D.K.,TV-14
Angel Kristi Williams,TV-MA
Roger Donaldson,R
Christopher Alender,TV-MA
David Oyelowo,PG
Brian Andrew Mendoza,R
Drake Doremus,PG-13
Mani Ratnam,TV-14
Paakhi Tyrewala,TV-PG
Steve Brill,R
Ferdinando Cito Filomarino,TV-MA
Juan Carlos Medina,TV-MA
Inma Torrente,TV-MA
Julián Gaviria,TV-MA
Steven Yamamoto,TV-PG
Charles Uwagbai,TV-14
Julián Hernández,TV-MA
Vince Marcello,TV-14
Jonathan Teplitzky,R
Dustin Hoffman,PG-13
Adze Ugah,TV-MA
Quoc Bao Tran,PG-13
Bejoy Nambiar,TV-MA
Priyadarshan,TV-MA
Karthik Narain,TV-MA
Vasanth Sai,TV-MA
Karthik Subbaraj,TV-MA
Arvind Swamy,TV-MA
Rathindran R Prasad,TV-MA
Sarjun,TV-MA
Gautham Vasudev Menon,TV-MA
Kayode Kasum,TV-MA
Just Philippot,TV-14
Kirk DeMicco,PG
Brandon Jeffords,PG
Rohit Shetty,TV-14
Alejandro Doria,TV-MA
Laura Fairrie,TV-14
Marcelo Piñeyro,TV-MA
Izu Ojukwu,TV-PG
Peter Winther,TV-MA
Susan Lacy,TV-MA
James Mangold,R
Chineze Anyaene,TV-MA
Hsu Fu-chun,TV-14
Brian Levant,PG
Rod Daniel,PG
Robert Zemeckis,PG-13
Todor Chapkanov,R
Steven Spielberg,PG-13
Phil Lord,PG
Christopher Miller,PG
John Hughes,PG-13
Justin Baldoni,PG-13
Joe Roth,R
Mark Helfrich,R
Christopher Nolan,PG-13
Paul Thomas Anderson,R
Nick Castle,PG-13
Howard Zieff,PG-13
Howard Zieff,PG
David Feiss,PG
David Gordon Green,R
Jorge Blanco,PG
Zara Hayes,PG-13
Gary Ross,PG-13
Clint Eastwood,PG-13
Trey Parker,R
Kelly Fremon Craig,R
Tom Elkins,R
Tony Scott,R
Brad Furman,R
Sylvain White,PG-13
Brad Anderson,R
Irwin Winkler,PG-13
Garry Marshall,PG-13
Najwa Najjar,TV-14
Michelle Bello,TV-PG
Daniel Markowicz,TV-MA
Glen Winter,TV-14
Ram Gopal Varma,TV-MA
Yuval Adler,TV-MA
Quentin Tarantino,R
Clay Glen,PG
Augustine Frizzell,TV-MA
Rajiv Chilaka,TV-Y7
Ainsley Gardiner,TV-MA
Briar Grace-Smith,TV-MA
Seyi Babatope,TV-14
Morgan Ingari,TV-MA
Abdulaziz Alshlahei,TV-14
Edward Drake,R
Sita Likitvanichkul,TV-MA
Jetarin Ratanaserikiat,TV-MA
Apirak Samudkitpaisan,TV-MA
Thanabodee Uawithya,TV-MA
Adirek Wattaleela,TV-MA
Sofia Coppola,R
Colin Trevorrow,PG-13
Bill Condon,PG-13
David Slade,PG-13
Chris Weitz,PG-13
Catherine Hardwicke,PG-13
Hadrah Daeng Ratu,TV-PG
Ash Brannon,PG
Chris Buck,PG
Roberto De Feo,TV-MA
Paolo Strippoli,TV-MA
Semi Chellas,TV-MA
Nima Nourizadeh,R
Jericca Cleland,PG
Kevin Munroe,PG
Ahmed Siddiqui,TV-14
Hallie Meyers-Shyer,PG-13
Scott Speer,PG-13
Barry Levinson,R
Camille Delamarre,PG-13
Mahmood Ali-Balogun,TV-14
Jan Holoubek,TV-MA
Christine Luby,TV-G
Yeo Siew Hua,TV-MA
Hardik Mehta,TV-14
Rajveer Singh Maan,TV-14
Harpeet Singh,TV-14
Youssef Chahine,TV-MA
Saw Teong Hin,TV-PG
Nik Amir Mustapha,TV-PG
M.S. Prem Nath,TV-PG
Rano Karno,TV-G
Pramod Pawar,TV-14
Naresh Saigal,TV-14
Vinil Mathew,TV-MA
Ramsey Nouah,TV-MA
Bong Joon Ho,R
Kim Tae-hyung,TV-14
Michael Spierig,PG-13
Peter Spierig,PG-13
Ernie Barbarash,R
Jay Roach,PG-13
McG,PG-13
Frank Marshall,PG-13
Nick Castle,PG
Victor Vu,TV-14
Joel Hopkins,PG-13
John Stevenson,PG
Mark Osborne,PG
Jennifer Yuh Nelson,PG
Greg Berlanti,PG-13
Garth Davis,R
Rob Marshall,PG-13
Martin Brest,R
Paul W.S. Anderson,PG-13
Ivan Reitman,R
Joel Gallen,R
Claire McCarthy,PG-13
Trevor Nunn,R
Gabriele Muccino,PG-13
Jim Field Smith,R
Chris Koch,PG
J.J. Abrams,PG-13
Rob Minkoff,PG
Lynn Shelton,R
Adam McKay,PG-13
Anton Corbijn,R
Robin Bissell,PG-13
David Fincher,R
John G. Avildsen,PG
Alan Parker,R
Walter Hill,R
Stephen Frears,PG-13
Bryan Bertino,R
Phil Alden Robinson,PG-13
Florian Henckel von Donnersmarck,PG-13
Len Wiseman,R
Måns Mårlind,R
Björn Stein,R
Patrick Tatopoulos,R
Robert O. Peters,TV-MA
Vincent Ward,PG-13
Gregory Nava,R
Matt Thompson,TV-MA
Matt Aselton,R
Andrew Dominik,R
Anissa Bonnefont,TV-14
Bahij Hojeij,TV-MA
Jonathan Hensleigh,PG-13
Justin P. Lange,R
Jayme Monjardim,TV-14
Kingsley Ogoro,TV-MA
Cristina Jacob,TV-MA
Rob Seidenglanz,TV-14
Simon Frederick,TV-MA
Paul Weitz,PG-13
Kayode Kasum,TV-14
Soudade Kaadan,TV-PG
Antoinette Jadaone,TV-MA
Marie Clements,TV-MA
David O. Russell,R
Max Jabs,TV-14
Ricardo de Montreuil,PG-13
Peter Chelsom,TV-MA
Francine Parker,TV-MA
Daniel Schechter,R
Mike Gunther,R
David Zeiger,TV-MA
Michael Simon,TV-G
Joe Berlinger,TV-MA
Bruce Sinofsky,TV-MA
Bradley Parker,TV-MA
Prabhakaran,TV-PG
Manjari Makijany,PG
Jay Oliva,TV-MA
Chris Appelhans,PG
Michael Tiddes,R
Lara Saba,TV-MA
Bao Nhan,TV-MA
Namcito,TV-MA
Mark Raso,TV-MA
Tariq Alkazim,TV-14
Kenneth Gyang,TV-MA
Yulene Olaizola,TV-MA
Mark Waters,PG-13
Matthew Heineman,R
Robert Peters,TV-MA
Jonathan Clay,TV-PG
Ally Pankiw,TV-MA
Lee Kae-byeok,TV-14
Jayan Moodley,TV-14
Daniel Benmayor,TV-MA
Alex Díaz,TV-MA
Helena Bergström,TV-MA
Myriam Fares,TV-14
Rae Red,TV-MA
Lance Hool,PG-13
Nicole Conn,TV-MA
Les Mayfield,PG-13
Ellen Seidler,TV-MA
Megan Siler,TV-MA
Roger Christian,PG-13
Lance Young,R
Leandro Neri,TV-MA
Thom Fitzgerald,TV-MA
Don Michael Paul,R
Andrzej Bartkowiak,R
Harold Becker,PG-13
Andrew Jenks,TV-MA
Ric Roman Waugh,R
Rob Reiner,PG
Andy Tennant,PG-13
Tade Ogidan,TV-14
Scott Spiegel,R
Jessie Nelson,PG-13
Theodore Witcher,R
Aurora Guerrero,TV-14
Michael Jai White,R
James McTeigue,R
Takuya Igarashi,TV-PG
Michelle MacLaren,R
Todd Phillips,PG-13
Walter Hill,PG
Dominic Sena,R
Alan Alda,PG
Sydney Pollack,PG-13
Lorene Scafaria,PG-13
Barbra Streisand,PG-13
Clint Eastwood,PG
Michael Winterbottom,R
Emma Tammi,R
Peter Hutchings,TV-MA
George Ratliff,R
Bo Burnham,TV-MA
David Frankel,PG-13
Julio Quintana,TV-PG
Paween Purijitpanya,TV-MA
Pablo Faro,TV-MA
Soudade Kaadan,TV-MA
Letizia Lamartire,TV-MA
Tim Johnson,PG
Vishwesh Krishnamoorthy,TV-14
Zack Snyder,R
Amr Salama,TV-14
Robert Rodriguez,PG
David Ayer,R
Eshom Nelms,R
Ian Nelms,R
James Redford,TV-14
Kaashvie Nair,TV-14
J.D. Dillard,R
Nikhil Pherwani,TV-MA
Praveen Kandregula,TV-MA
Cecilia Verheyden,TV-MA
Daniel Minahan,TV-MA
Donovan Marsh,TV-MA
Brent Dawes,TV-Y7
Leli Maki,TV-MA
Daniel Prochaska,TV-MA
Joe Wright,R
Matthew Vaughn,R
Aditya Kripalani,TV-MA
David Pablos,TV-MA
Alexandre Aja,TV-14
Ramon Térmens,TV-MA
Svetlana Cvetko,TV-PG
Martin Prakkat,TV-MA
Baran bo Odar,R
Zhang Chong,TV-14
Yılmaz Erdoğan,TV-MA
Ivan Ayr,TV-14
Anthony Mandler,TV-MA
Stanley Menino D'Costa,TV-PG
Jennifer Brea,TV-MA
Julia von Heinz,TV-MA
Niels Arden Oplev,R
Don Argott,TV-MA
Sheena M. Joyce,TV-MA
Duncan Skiles,TV-MA
Sean McNamara,PG
Vondie Curtis-Hall,R
Robert Radler,PG-13
Todd Phillips,R
Dean Parisot,PG-13
Paul Greengrass,R
Lasse Hallström,G
Justin Kelly,R
Eric Darnell,PG
Tom McGrath,PG
Conrad Vernon,PG
Clint Eastwood,R
Jeff Wadlow,PG-13
Charles Martin,TV-MA
Stella Corradi,TV-MA
Roland Emmerich,PG-13
Kevin Macdonald,PG-13
Ann Deborah Fishman,TV-14
Chris Gorak,PG-13
Peter Jackson,PG-13
Roger Kumble,R
Jonathan Lynn,R
Courtney Hunt,R
Pierre Greco,TV-PG
Nancy Florence Savard,TV-PG
Andrew Davis,R
Kevin Smith,R
Chaitanya Tamhane,TV-MA
Johannes Roberts,R
Pedro Antonio,TV-MA
John Wells,R
Jonathan Liebesman,PG-13
Maria Pulera,R
Santhosh Viswanath,TV-PG
Seema Pahwa,TV-14
Ozan Açıktan,TV-14
Meltem Bozoflu,TV-14
Hakan Algül,TV-MA
Selçuk Aydemir,TV-MA
Birkan Pusa,TV-MA
Ömer Faruk Sorak,TV-MA
Şenol Sönmez,TV-14
Alexis Morante,TV-MA
Burak Aksak,TV-MA
Kıvanç Baruönü,TV-MA
Kıvanç Baruönü,TV-14
Kongkiat Khomsiri,TV-14
Bedran Güzel,TV-MA
Marwan Nabil,TV-G
Takashi Shimizu,TV-MA
Joe Penna,TV-MA
Curtis Graham,TV-14
Gerardo Gatica,TV-MA
John Madden,R
Edward James Olmos,R
Abhinay Deo,TV-MA
Kiran Rao,TV-MA
Abbas Tyrewala,TV-14
Ashutosh Gowariker,PG
Satyajit Bhatkal,TV-14
Anusha Rizvi,TV-MA
Mahmood Farooqui,TV-MA
Aamir Khan,PG
Shashank Khaitan,TV-MA
Raj Mehta,TV-MA
Neeraj Ghaywan,TV-MA
Kayoze Irani,TV-MA
Ryan Crego,TV-Y7
Cassi Simonds,TV-Y
Guillermo del Toro,R
Tony Abulu,TV-MA
Mae Czarina Cruz,TV-MA
Stefan Westerwelle,TV-14
Ron Howard,R
Justin Benson,R
Aaron Moorhead,R
Niki Caro,PG-13
Mark Dennis,TV-14
Ben Foster,TV-14
Taranveer Singh,TV-14
TT The Artist,TV-MA
Keiichi Sato,TV-MA
Yasushi Kawamura,TV-MA
Glenn Weiss,TV-PG
Michael Civille,TV-14
Ryuichi Hiroki,TV-MA
One9,TV-MA
Luis Valdez,R
Cheng Wei-hao,TV-MA
Pass Patthanakumjon,TV-MA
Buchi Babu Sana,TV-14
Zhao Ji,TV-14
Jamie Babbit,R
Park Hoon-jung,TV-MA
Dare Olaitan,TV-MA
Ben Falcone,PG-13
Travon Free,TV-MA
Martin Desmond Roe,TV-MA
Angga Dwimas Sasongko,TV-PG
Madonne Ashwin,TV-14
Enah Johnscott,TV-MA
Braden R. Duemmler,TV-MA
Cal Brunker,PG
Steve Pink,PG-13
Xiao Feng,R
Vince Marcello,TV-Y
Ricky Staub,R
Patrick Durham,R
Paul G. Volk,R
BB Sasore,TV-MA
Naseef Yusuf Izuddin,TV-MA
Appie Boudellah,TV-MA
Aram van de Rest,TV-MA
Sylvie Verheyde,TV-MA
Nick Moore,PG-13
Alex Zamm,PG
Rajkumar Hirani,PG-13
Rajesh Mapuskar,TV-PG
James Wan,PG-13
David Hackl,R
Takeshi Nozue,PG-13
Subhash Kapoor,TV-14
Ringo Lam,R
George Cukor,G
Tony Giglio,R
Hidenori Inoue,TV-14
Shinji Aramaki,R
Masaru Matsumoto,R
John Luessenhop,PG-13
Hanung Bramantyo,TV-14
Pandu Adjisurya,TV-14
Bashir El Deek,TV-PG
Roman Polański,R
Nelson McCormick,PG-13
Mic Rodgers,R
Bejoy Nambiar,TV-14
Shawn Rech,TV-MA
Peyton Reed,PG-13
Julian Schnabel,PG-13
Jose Gomez,TV-MA
Jonathon Link,TV-PG
Blair Simmons,TV-Y
Justin Chadwick,PG-13
John Hillcoat,R
Roman White,TV-PG
Mike Hodges,TV-MA
Eylem Kaftan,TV-14
Fernando Ayllón,TV-MA
Umesh Bist,TV-PG
Massimiliano Camaiti,TV-14
Aleksey Tsitsilin,TV-Y7
Kagiso Lediga,TV-MA
Jung-ah Im,TV-14
Takuma Sato,TV-MA
Brody Chu,TV-MA
Dimitri Logothetis,R
Li Weiran,TV-14
Chinaza Onuzo,TV-MA
Anna Elizabeth James,R
Vitor Brandt,TV-14
Troy Miller,TV-G
Liam O'Donnell,R
Manny Rodriguez,PG-13
Jay Lavender,PG-13
Farah Nabulsi,TV-MA
Walter Taylaur,TV-14
Chris Smith,R
Tate Taylor,PG-13
Ladislaus Kiraly,TV-MA
Oliver Stone,R
Hemambar Jasti,TV-14
Muharrem Gülmez,TV-MA
Dolapo Adeleke,TV-G
Mahsun Kırmızıgül,TV-14
Can Ulkay,TV-MA
Ketche,TV-MA
Erol Özlevi,TV-MA
Miguel Arteta,PG
Tolga Örnek,TV-PG
Pablo Agüero,TV-MA
Mohammad Irfan Ramly,TV-14
Kevin McManus,TV-MA
Matthew McManus,TV-MA
Ange Basterga,TV-MA
Nicolas Lopez,TV-MA
Gitanjali Rao,PG-13
Halitha Shameem,TV-14
Carlos Moreno,TV-MA
Julien Leclercq,TV-MA
Fajar Bustomi,TV-14
Taylor Hackford,R
Amy Poehler,PG-13
Mike Binder,PG-13
Abir Sengupta,TV-14
Emmett Malloy,R
Kevin Costner,PG-13
Marco Petry,TV-14
Andrew Duncan,TV-Y
Ken Cunningham,TV-Y
Liam Lynch,R
Jérémie Degruson,TV-Y7
Ben Stassen,TV-Y7
Matt Ross,R
Dani de la Orden,TV-MA
Pablo Larraín,TV-MA
John Erick Dowdle,R
Jesse Peretz,R
Ribhu Dasgupta,TV-MA
Baran bo Odar,TV-MA
Rizki Balki,TV-PG
Shunsuke Kariyama,TV-14
Tirumala Kishore,TV-14
James Wan,R
Huang Hsin-Yao,TV-MA
J Blakeson,R
Khalid Rahman,TV-14
Tharun Bhascker Dhaassyam,TV-MA
B. V. Nandini Reddy,TV-MA
Nag Ashwin,TV-MA
Sankalp Reddy,TV-MA
Prateek Vats,TV-MA
Alex Merkin,TV-14
Ben Simms,TV-PG
Vikram Bhatt,TV-14
Dallas Jenkins,PG
Damián Romay,TV-14
Hamisha Daryani Ahuja,TV-14
Hong Khaou,TV-MA
Mario Briongos,TV-MA
Vinay Bharadwaj,TV-MA
Michael Fimognari,TV-14
Eric D. Cabello Díaz,TV-Y7
Clara Martínez-Lázaro,TV-14
Monty Tiwa,TV-14
Ava DuVernay,R
Alain Darborg,TV-MA
Filip Zylber,TV-14
Ava DuVernay,TV-MA
Julien Royal,TV-MA
Brian Baugh,PG
Henri Wong,TV-14
Maïa Sandoz,TV-MA
Mostofa Sarwar Farooki,TV-PG
Joseph Hsu,TV-14
Sam Levinson,R
Jo Sung-hee,TV-MA
Rocco Ricciardulli,TV-MA
Guo Jingming,TV-14
Jan Belcl,TV-MA
Esteban Crespo,TV-MA
Noé González,TV-PG
Sarah Gavron,TV-MA
Martin Scorsese,R
Richard Arellano,TV-MA
Jon Favreau,PG
Marco Pontecorvo,PG-13
Gregory Plotkin,R
Lluís Quílez,TV-MA
Jude Weng,PG
Simon Stone,PG-13
Noviandra Santosa,TV-PG
Jeremy Grant,TV-14
Jeo Baby,TV-MA
Glendyn Ivin,TV-14
Okey Oku,TV-14
Ángeles Reiné,TV-MA
Paul Haggis,PG-13
Ramin Bahrani,R
Nicol Paone,R
Nick Rowland,R
RZA,R
Cooper Karl,TV-14
Gary Fleder,R
J.A. Bayona,PG-13
Darren Lynn Bousman,R
Lydia Dean Pilcher,TV-14
Ginny Mohler,TV-14
Cris D'Amato,TV-G
Mikael Håfström,R
Simon J. Smith,PG
Byeon Hee-sun,TV-Y
Peter Facinelli,R
Renuka Shahane,TV-MA
Ross Kauffman,TV-14
Sung Do-jun,TV-PG
Hanung Bramantyo,TV-MA
Charles Gozali,TV-14
Bagus Bramanti,TV-14
James Toback,R
Francisco D'Eufemia,TV-MA
Juliet May,TV-MA
Olivier Nakache,R
Éric Toledano,R
Prakash Jha,TV-14
Rohan Sippy,TV-14
Ross Venokur,TV-Y7
Prakash Jha,TV-MA
Rohena Gera,TV-MA
Maite Ruiz De Austri,TV-14
Jastis Arimba,TV-14
Eric Summer,PG
Éric Warin,PG
Kornél Mundruczó,R
Florent Bodin,TV-14
Sohail Khan,TV-14
Hallvard Bræin,TV-14
Jeff Tremaine,TV-MA
Christian Alvart,R
Robert Townsend,R
Jeff Deverett,TV-Y
Ron Krauss,PG-13
Brian Robbins,PG
Jeff Stilson,PG-13
Sean Penn,R
Mark McQueen,R
Melanie Mayron,PG-13
Donald Petrie,R
Tony Collingwood,TV-Y
Jennifer Beamish,TV-14
Toby Trackman,TV-14
Jaume Collet-Serra,PG-13
Kim Dong-kyu,TV-MA
Shaz Bennett,TV-MA
Samar Shaikh,TV-14
Archie Hekagery,TV-PG
Sabrina Rochelle Kalangie,TV-14
Liao Shih-han,TV-MA
Arnon Manor,PG-13
Timothy Ware-Hill,PG-13
Gore Verbinski,PG
Al Campbell,TV-MA
Alice Mathias,TV-MA
Maïwenn,TV-MA
Richard Weston,TV-Y
Vikramaditya Motwane,TV-MA
Prime Cruz,TV-G
Andibachtiar Yusuf,TV-MA
Yandy Laurens,TV-G
Cathy Garcia-Molina,TV-14
John Mitchell,TV-14
Jeremy Kipp Walker,TV-14
George Clooney,PG-13
Liu Kuang-hui,TV-MA
Kristian Mercado,TV-MA
Daan Jansen,TV-14
Stijn Verlinde,TV-14
Jay Grace,TV-Y
Paul Dugdale,TV-MA
James Haslam,R
Muhammad Ali,TV-14
Thomas Toby Parkinson,TV-MA
John Putch,PG-13
Sam Macaroni,R
George C. Wolfe,R
Yasmin Ahmad,TV-PG
Sudha Kongara,TV-MA
Vignesh Shivan,TV-MA
Vetri Maaran,TV-MA
Yasmin Ahmad,TV-14
Juan Camilo Pinzon,TV-14
Lin Oeding,R
Naya Anindita,TV-14
Antoinette Jadaone,TV-14
JP Habac,TV-14
Alexx Media,TV-MA
Andrucha Waddington,TV-MA
Pedro Waddington,TV-MA
Jun Lana,TV-MA
Brad Peyton,PG-13
Lee Daniels,PG-13
Tom Ford,R
Vir Das,TV-MA
Miranda de Pencier,R
Farhad Safinia,TV-14
Shaun Paul Piccinino,PG-13
James D. Stern,PG-13
Fernando Villena,PG-13
Ryan Murphy,PG-13
Girish Malik,TV-MA
Deepa Mehta,TV-MA
Theodore Boborol,TV-G
Mae Czarina Cruz,TV-14
Sydney Sibilia,TV-14
Josiah Ng,TV-PG
Kirk Wise,PG
Beth Sleven,TV-Y7
Allan Jacobsen,TV-Y7
Kevin Wotton,TV-Y7
Tate Taylor,R
Su I-Hsuan,TV-MA
Chuang Shiang-an,TV-MA
Liu Yi,TV-MA
Clint Butler,TV-Y
Erik Kling,TV-Y7
Kevin Peaty,TV-Y7
Detlev Buck,TV-MA
Amanda Raymond,TV-PG
Jason Paul Laxamana,TV-14
Marc Fouchard,TV-MA
Roberto Santucci,TV-MA
Dado C. Lumibao,TV-14
August Jakobsson,TV-MA
Anna Wieczur-Bluszcz,TV-MA
Damien O’Connor,TV-Y
Ron Howard,PG-13
Jon Favreau,R
Richard Laxton,PG-13
Gil Kenan,PG
Phil Burgers,TV-MA
Pierre Morel,R
Simon Wincer,PG-13
Brian Henson,R
Derick Cabrido,TV-MA
Marla M. Ancheta,TV-PG
Jen McGowan,R
Bernie Denk,TV-Y
Brian Skiba,TV-MA
Stanley Moore,TV-Y
Alex Woo,TV-Y
Oliver Bokelberg,TV-PG
Ángel Gómez Hernández,TV-MA
Ludovico Di Martino,TV-MA
Lee Chung-hyun,TV-MA
Barry Gonzalez,TV-PG
Brian Volk-Weiss,TV-14
Matthew Michael Carnahan,TV-MA
Eric Bress,R
Paul Dugdale,TV-PG
Chris Columbus,PG
V Vignarajan,TV-14
Greg Rankin,TV-Y
TJ Sullivan,TV-Y
Carlos Sorín,TV-MA
Matt Eskandari,R
Grant Singer,TV-MA
Mohammad Adel,TV-14
Debbie Allen,TV-PG
Robert Rodriguez,R
Victor Gatonye,TV-14
Stephen Chiodo,TV-Y
Monica Floyd,TV-PG
Anurag Kashyap,TV-MA
Siddique,TV-14
Danish Aslam,TV-14
Vibhu Virender Puri,TV-14
Ribhu Dasgupta,TV-14
Mike Rohl,TV-G
Cathy Garcia-Molina,TV-G
Shyam Benegal,TV-14
Takeshi Fukunaga,TV-PG
Leslie Small,TV-MA
Jeff Nichols,PG-13
Justin G. Dyck,TV-G
Cody Cameron,PG
Kris Pearn,PG
Michael Curtiz,TV-G
Avinash Walzade,TV-Y7
David E. Talbert,PG
Edoardo Ponti,PG-13
Mateo Gil,TV-MA
Paul Soriano,TV-MA
Ryan Coogler,R
Anurag Basu,TV-MA
Lucas Santa Ana,TV-MA
Carla Barros,TV-14
Ulrike Kofler,TV-MA
Kunle Afolayan,TV-MA
Weica Wang,TV-MA
Aitor Arregi,TV-MA
Jon Garaño,TV-MA
Jose Mari Goenaga,TV-MA
Kevin Pollak,R
Otoja Abit,TV-MA
Maxwell McGuire,TV-G
Ruel S. Bayani,TV-14
Martin Wood,TV-G
Justin G. Dyck,TV-PG
Narendra Nath,TV-PG
Jan-Peter Horns,TV-MA
Tatsushi Omori,TV-14
Zeek Earl,R
Christopher Caldwell,R
Michael Kampa,TV-PG
Chanda Bell,TV-Y
Jennifer Westcott,PG
Richard Greenberg,PG
Peter Berg,R
Nicolas Pesce,R
Christopher Cain,PG
Shaun Paul Piccinino,R
Juliana Vicente,TV-PG
Harald Zwart,TV-MA
Stacia Crawford,TV-14
Remi Weekes,TV-14
Tope Oshin,TV-14
Terrie Samundra,TV-14
Olivier Marchal,TV-MA
Santiago Alvarado Ilarri,TV-MA
Frasco Mortiz,TV-14
John Whitesell,TV-MA
Nimród Antal,R
Bartosz M. Kowalski,TV-MA
Natasha Lyonne,TV-MA
Chang Chin-jung,TV-14
Chen Rong-hui,TV-14
Rajkumar Santoshi,TV-14
Lance Daly,R
Unjoo Moon,TV-MA
Gil Baroni,TV-MA
Glen Keane,PG
Chris Sivertson,TV-14
Jarand Herdal,TV-MA
Dan Villegas,TV-MA
Chris Foggin,PG-13
Kim Nguyen,R
Karen Maine,R
Tim Neeves,TV-PG
Ben Wheatley,PG-13
Don Michael Paul,PG-13
Maroun Baghdadi,TV-14
Philippe Aractingi,TV-14
Amin Dora,TV-MA
Philippe Aractingi,TV-MA
Maroun Baghdadi,TV-MA
Rana Eid,TV-MA
Daniel Joseph,TV-MA
Randa Chahal Sabbag,TV-MA
Ziad Doueiri,TV-MA
Shady Hanna,TV-14
Josef Fares,TV-MA
Sam Fell,PG
Chris Butler,PG
Ross Boyask,R
David 'Tosh' Gitonga,TV-MA
Michael Jones,TV-MA
Ti West,R
Manolo Caro,TV-MA
Aaron Sorkin,R
Levan Gabriadze,R
Rachel Talalay,TV-PG
Sam Liu,R
Peter Mimi,TV-14
Hanung Bramantyo,TV-PG
Lasja Fauzia Susatyo,TV-14
Kevin Ko,TV-14
Peter Tsi,TV-14
Caroline Suh,TV-14
Ken Ghosh,TV-14
Indra Kumar,TV-14
B. Subhash,TV-14
Harshavardhan Kulkarni,TV-MA
Neeraj Vora,TV-14
Alex Merkin,TV-MA
Puneet Khanna,TV-MA
Meltem Bozoflu,TV-MA
Radha Blank,R
Bigflo & Oli,TV-MA
Jérémie Levypon,TV-MA
Eduardo Pinto,TV-MA
Steve Brill,PG-13
Pavel Kostomarov,TV-MA
Mike Elliott,R
Francis Whately,TV-14
Jon Izen,TV-Y
Christopher Nolen,TV-14
Alastair Fothergill,PG
Jonnie Hughes,PG
Keith Scholey,PG
Amy Segal,TV-MA
Umut Aral,TV-14
Umut Kirca,TV-14
Sudhir Mishra,TV-MA
Domenico de Feudis,TV-MA
Oz Rodriguez,PG-13
Salvador Espinosa,TV-MA
Adrian Teh,TV-PG
Brad Silberling,R
Elsa Flores Almaraz,TV-14
Richard J Montoya,TV-14
Carey McKenzie,TV-MA
Gary Ross,R
Taika Waititi,PG-13
David LaChapelle,PG-13
Faris Godus,TV-14
Rod Lurie,R
Stacie Passon,TV-14
Florian Schott,TV-PG
Tom Whitworth,TV-MA
Joe Mantello,R
Page Hurwitz,TV-MA
Dallas Jackson,R
Lee Hirsch,PG-13
Rajat Kapoor,TV-PG
Abhishek Chaubey,TV-14
Rohit Shetty,TV-MA
Ken Ghosh,TV-PG
Imtiaz Ali,TV-14
Navdeep Singh,TV-14
Anees Bazmee,TV-PG
Rikhil Bahadur,TV-14
Shawn Levy,PG-13
Harry Bradbeer,PG-13
Joshua Tickell,TV-G
Rebecca Harrell Tickell,TV-G
Norihisa Hiranuma,TV-PG
Shigeaki Kubo,TV-MA
Tsuyoshi Nakakuki,TV-MA
Yudai Yamaguchi,TV-MA
Marwan Hamed,TV-MA
Smeep Kang,TV-14
Raja Chanda,TV-14
Tigmanshu Dhulia,TV-MA
Akashdeep,TV-14
Rajesh Ganguly,TV-MA
Alankrita Shrivastava,TV-MA
Chandra Liow,TV-14
Sekhar Kammula,TV-14
Florent Bodin,TV-MA
Gary Andrews,TV-Y
Merawi Gerima,TV-MA
Antonio Campos,R
Carles Torras,TV-MA
James Watkins,R
Philippa Lowthorpe,TV-MA
Chris Howe,TV-MA
Peter Sollett,R
Tosin Coker,TV-MA
Javier Colinas,TV-14
Dean DeBlois,PG
Reinhard Klooss,TV-Y7
Satish Rajwade,TV-14
Abhijeet Deshpande,TV-14
Mahesh Manjrekar,TV-14
Mahesh Manjrekar,TV-PG
Prakash Kunte,TV-PG
Manish Saini,TV-G
Kenny Ortega,TV-G
Makarand Mane,TV-MA
Vijay Maurya,TV-14
Sameer Patil,TV-14
Kenzo Maihara,TV-G
Amandha Wyanto,TV-G
Ahmed Nader Galal,TV-14
McG,TV-MA
Arati Kadav,TV-14
Maïmouna Doucouré,TV-MA
Marcos Carnevale,TV-14
Jeff Orlowski,PG-13
Cho Il,TV-MA
Tolga Karaçelik,TV-MA
Philip Barantini,R
Charlie Kaufman,R
Abba T. Makama,TV-MA
Junior Carelli,TV-MA
Rudge Campos,TV-MA
Ertanto Robby Soediskam,TV-PG
Mark Steven Johnson,TV-PG
Felix Binder,TV-MA
Thor Freudenthal,PG
Nguyen Thanh Tung,TV-G
Baltasar Kormákur,PG-13
Dan Villegas,TV-14
Conrad Helten,TV-Y
Ayumu Watanabe,TV-PG
Hitoshi Namba,TV-14
Chris Miller,PG
Sean Anders,R
Abbas Mustan,TV-14
Duncan McMath,TV-MA
Dan Forgione,TV-Y7
Pete Jacobs,TV-Y7
Matt Whitlock,TV-Y7
Francesco Carnesecchi,TV-MA
Greg Tiernan,TV-Y
Mark Thornton,TV-Y
Todd Kauffman,TV-Y
Shamzu Zayba,TV-14
Jesse V. Johnson,TV-MA
Brett Haley,PG
Chris Roland,TV-MA
Maradona Dias Dos Santos,TV-MA
David Galán Galindo,TV-MA
David Moreton,TV-MA
Lester Hsi,TV-MA
Cyrus Nowrasteh,PG-13
Isabel Sandoval,TV-MA
Nathan Wiley,TV-MA
Wayne Blair,PG-13
Atul Sabharwal,TV-14
Bernardo Arellano,TV-MA
Trish Sie,TV-PG
Hong Won-ki,TV-MA
Khaled Marei,TV-MA
Sebastián Schindel,TV-14
Fred Wolf,R
Niyi Akinmolayan,TV-PG
Sammaria Sari Simanjuntak,TV-PG
Tom Hooper,PG-13
Sergei Bodrov,PG-13
Ashutosh Gowariker,TV-PG
Cory Edwards,TV-Y7
Faraday Okoro,TV-MA
Henry Joost,R
Ariel Schulman,R
Rebecca Zlotowski,TV-MA
Antonio Campos,TV-MA
Sharan Sharma,TV-14
Tyler Spindel,TV-MA
Vicky Wight,PG-13
Marc Meyers,R
Franziska Meyer Price,TV-MA
Steven Rinella,TV-14
Laura Terruso,TV-14
Martín Sastre,TV-PG
Franck Nataf,TV-14
Savage Steve Holland,TV-G
Mike Doyle,TV-MA
Darren Grant,R
Steve Ball,TV-Y
Joseph Ruben,R
Colin Minihan,R
Regina Welker,TV-Y
Nina Wels,TV-Y
Honey Trehan,TV-MA
Katleho Ramaphakela,TV-MA
Rethabile Ramaphakela,TV-MA
Ariel Boles,TV-G
Álvaro Delgado-Aparicio L.,TV-MA
Venkatesh Maha,TV-MA
Aniedi Anwah,TV-MA
Mickey Fonseca,TV-MA
Matias Mariani,TV-MA
Jan Komasa,TV-MA
Ben Kasulke,TV-MA
Gagan Puri,TV-14
Teddy Chan,TV-14
Bhavin Wadia,TV-MA
Tony Bancroft,TV-Y7
Scott Christian Sava,TV-Y7
Tope Alake,TV-MA
Fernando González Molina,TV-MA
Yuki Tanada,TV-MA
Ahn Byoung-wook,TV-Y7
Sibusiso Khuzwayo,TV-PG
Wilson Yip,TV-MA
Dave Skinner,TV-MA
Freddie Waters,TV-MA
Denis Do,TV-14
Toka McBaror,TV-MA
Tunde Apalowo,TV-MA
Peter Sullivan,TV-14
Axelle Laffont,TV-MA
Moses Inwang,TV-14
Daniel Oriahi,TV-14
Stefano Mordini,TV-MA
Hayden Guppy,TV-MA
André Odendaal,TV-MA
Johan Vorster,TV-MA
Amro Salah,TV-14
Gina Prince-Bythewood,R
Wouter Bouvijn,TV-MA
Bryn Evans,R
Cristina Costantini,TV-14
Kareem Tabsch,TV-14
Hannah Fidell,R
Chris Renaud,PG
Kyle Balda,PG
Coodie,TV-MA
Chike,TV-MA
Sachin Kundalkar,TV-14
Puri Jagannadh,TV-14
Vishal Mahadkar,TV-14
Karan Johar,TV-MA
Zoya Akhtar,TV-MA
Anthony D'Souza,TV-14
Soumendra Padhi,TV-MA
Fuwad Khan,TV-PG
Nishikant Kamat,TV-14
Krish,TV-14
Kabir Sadanand,TV-14
Rachit Kusonkoonsiri,TV-MA
Shoojit Sircar,TV-14
Omung Kumar,TV-PG
Satish Rajwade,TV-MA
Umesh Shukla,TV-PG
Devika Bhagat,TV-14
Takashi Doscher,TV-MA
Shubham Singh,TV-14
Abbas Alibhai Burmawalla,TV-14
Mastan Alibhai Burmawalla,TV-14
Luv Ranjan,TV-MA
Vikas Bahl,TV-MA
Neeraj Pandey,TV-PG
Aanand Rai,TV-14
Gurmmeet Singh,TV-14
LP,TV-MA
Rako Prijanto,TV-MA
Raoul Peck,PG-13
Shirley Frimpong-Manso,TV-MA
Fabio Ock,TV-MA
Joana Mazzucchelli,TV-MA
Sabina Fedeli,TV-14
Anna Migotto,TV-14
Kyran Kelly,TV-Y
Salvador Calvo,TV-MA
Cem Yılmaz,TV-MA
Barry Avrich,TV-MA
Bruce Beresford,R
Matthew Vaughn,PG-13
Michael Duggan,TV-MA
Paul Verhoeven,R
Younuts!,TV-MA
Troy Miller,TV-MA
Obi Emelonye,TV-14
Rako Prijanto,TV-G
Daniel Effiong,TV-MA
Rachel Griffiths,PG
David Dobkin,PG-13
Oluseyi Asurf,TV-14
Eduardo Roy Jr.,TV-MA
Abhijit Panse,TV-14
Ravikanth Perepu,TV-MA
Sooraj R. Barjatya,TV-14
Anvita Dutt,TV-MA
Gaspar Antillo,TV-MA
Eric Notarnicola,TV-MA
Musthafa,TV-14
Ishaya Bako,TV-PG
Kate Mulleavy,R
Laura Mulleavy,R
Akhigbe Ilozobhie,TV-MA
Apurva Dhar Badgaiyann,TV-MA
Youssef Chahine,TV-14
Elissa Down,TV-G
Guillaume Pierret,TV-MA
Ozan Açıktan,TV-MA
Olivier Assayas,TV-MA
Junichi Sato,TV-PG
Tomotaka Shibayama,TV-PG
Eduardo Roy Jr.,TV-14
Manatsanun Phanlerdwongsakul,TV-G
Georges Hachem,TV-MA
Peter Lepeniotis,PG
Jim Hosking,R
Paco Aguilar,TV-PG
Greg McLean,PG-13
Juan José Campanella,PG
Adrian Teh,TV-14
Ishaya Bako,TV-MA
A. Raajdheep,TV-14
Pidi Baiq,TV-14
Nicholas Kharkongor,TV-MA
Michael McKay,TV-MA
Kitaro Kosaka,PG
Ali F. Mostafa,TV-MA
Ayman Makram,TV-14
George Gallo,R
Ry Russo-Young,PG-13
Barbara Białowąs,TV-MA
Tomasz Mandes,TV-MA
Akhil Paul,TV-14
Anas Khan,TV-14
Kanika Batra,TV-14
Michael Cristofer,R
Mohamed Khan,TV-14
Adriana Trigiani,PG-13
Anurag Kashyap,TV-14
Moses Inwang,TV-MA
Phil Sgriccia,TV-14
Olivier Megaton,TV-MA
Andaç Haznedaroğlu,TV-14
Murat Kepez,TV-MA
Ahmed Nader Galal,TV-MA
Greta Gerwig,R
Wael Ehsan,TV-14
Inas El-Degheidy,TV-14
Sameh Abdulaziz,TV-MA
Khaled Marei,TV-14
Wael Ihsan,TV-14
Izidore K. Musallam,TV-PG
Sherif Arafa,TV-14
Yasir Al Yasiri,TV-MA
Safdar Rahman,TV-14
Tomas Brickhill,TV-G
Hani Al-Shaibani,TV-PG
Mamoru Hosoda,PG
James Franco,R
Niall Johnson,TV-14
Michael Damian,TV-14
Ahmed Zain,TV-PG
Angshuman Ghosh,TV-MA
Ahmed Zein,TV-14
Alejandro Montiel,TV-MA
Fernando Frías de la Parra,TV-MA
Madeleine Parry,TV-MA
Yu Yang,TV-14
Jesse Warn,TV-14
Josh Safdie,R
Benny Safdie,R
Angga Dwimas Sasongko,TV-G
Hiromasa Yonebayashi,PG
Yoshiyuki Momose,PG
Akihiko Yamashita,PG
Michael Showalter,R
Norm Hiscock,TV-MA
Gary Howsam,TV-MA
Mike Smith,TV-MA
John Paul Tremblay,TV-MA
Robb Wells,TV-MA
Almunsif Alsuwaisi,TV-14
Andrés Feddersen,TV-14
Samir Al Asfory,TV-14
Hassan AbdulSalam,TV-14
Houssam El-Din Mustafa,TV-14
Muhammad Fadl,TV-PG
Hany Motawie,TV-PG
Lonzo Nzekwe,TV-MA
Alex Timbers,TV-PG
Sam Wrench,TV-PG
Rebecca Johnson,TV-MA
Ava DuVernay,TV-14
Carlos Morett,TV-MA
Megha Ramaswamy,TV-MA
Saeed Hamed,TV-PG
Ahmed Al-Badry,TV-14
Ali Ragab,TV-14
Ahmad El-Badri,TV-PG
Ahmad El-Badri,TV-14
Marcus Raboy,TV-MA
Haifaa Al-Mansour,PG
Wael Ihsan,TV-PG
Ekene Som Mekwunye,TV-14
Mohammed Alhmly,TV-MA
Lucien Bourjeily,TV-MA
Laura Mañá,TV-MA
Sivaroj Kongsakul,TV-MA
Salmeen AlMurry Amer,TV-G
Mohit Suri,TV-MA
Adekunle Nodash Adejuyigbe,TV-14
Sadeq Behbehani,TV-PG
Dylan Mohan Gray,TV-14
Hussein El Ansary,TV-14
Claire Scanlon,TV-14
Vipul Amrutlal Shah,TV-PG
Donick Cary,TV-MA
Will Forbes,R
Francesco Amato,TV-MA
Damien Chazelle,TV-MA
Houda Benyamina,TV-MA
Laïla Marrakchi,TV-MA
Alan Poul,TV-MA
S.A. Zaidi,TV-14
Hamad AlSarraf,TV-14
He Xiaofeng,TV-MA
Rano Karno,TV-PG
Nadia Hallgren,PG
Joe DeMaio,TV-PG
Aaron Woodley,PG
Lucas Margutti,TV-G
Ashok Nanda,TV-14
Hernán Guerschuny,TV-MA
Alex Ranarivelo,PG-13
Fernando Ayllón,TV-14
Shaun Paul Piccinino,PG
Seth Barrish,TV-14
Brett Hedlund,R
Joe Robert Cole,R
Michelle Esrick,TV-MA
Olivier Abbou,TV-MA
Craig Freimond,TV-14
Shirish Kunder,TV-MA
Mysskin,TV-MA
Alice Wu,PG-13
Bobby Farrelly,R
Peter Farrelly,R
Dennie Gordon,PG
Michael M. Scott,TV-14
Bruno Garotti,TV-14
Sion Sono,TV-MA
David Chuang,TV-MA
Chen Kuan-chung,TV-MA
Yılmaz Erdoğan,TV-PG
Omoni Oboli,TV-14
Saravana Rajan,TV-14
Sırrı Süreyya Önder,TV-MA
Sermiyan Midyat,TV-MA
Ahmed Yousry,TV-MA
Hazem Fouda,TV-MA
Handan İpekçi,TV-14
Ferzan Özpetek,TV-MA
Yılmaz Erdoğan,TV-14
Paul Munger,PG-13
Matei Dima,TV-14
Imtiaz Ali,TV-MA
Jonathan Augustin,TV-MA
Venky Kudumula,TV-14
Martin Scorsese,TV-MA
Amr Arafa,TV-14
Michel Hazanavicius,PG-13
Ahmed Saleh,TV-14
Ahmed Medhat,TV-14
Mohamed Yassin,TV-14
Chakri Toleti,TV-14
Neville Shah,TV-MA
Upi Avianto,TV-G
Upi Avianto,TV-14
Yoon Sung-hyun,TV-MA
Patryk Vega,TV-MA
Niyi Akinmolayan,TV-MA
Marc Vigil,TV-MA
Ryan Polito,TV-MA
Anoop Sathyan,TV-14
Müfit Can Saçıntı,TV-MA
Cüneyt Kaya,TV-MA
Greg Barker,R
Leticia Jorge Romero,TV-MA
Adrien Lagier,TV-MA
Ousmane Ly,TV-MA
Ethan Coen,PG-13
Joel Coen,PG-13
Jon M. Chu,PG
Diego Pignataro,TV-MA
Ian Edelman,R
Ali Yorgancıoğlu,TV-G
Digo Ricio,TV-14
Emcy Joseph,TV-PG
Kranthi Madhav,TV-MA
Matt D'Elia,TV-MA
Jeff Chan,TV-MA
Dean Craig,TV-MA
Grand Corps Malade,TV-MA
Mehdi Idir,TV-MA
Jay Karas,TV-G
Stefano Lodovichi,TV-MA
Alan Yang,PG
Perci Intalan,TV-MA
M. Night Shyamalan,PG
Chris Robinson,TV-MA
Eddie Mensore,TV-MA
Sean Baker,R
Padraig Reynolds,TV-MA
Yorgos Lanthimos,R
Michael Dowse,TV-MA
Armando Iannucci,R
Haruka Fujita,TV-PG
Mukul Anand,TV-14
Karan Malhotra,TV-14
David Batra,TV-MA
Jon Rudberg,TV-MA
Tarun Mansukhani,TV-14
Ramesh Talwar,TV-14
Mahesh Bhatt,TV-14
Raj Khosla,TV-14
Punit Malhotra,TV-14
Vinil Mathew,TV-14
Shashank Khaitan,TV-14
Soham Shah,TV-14
Karan Johar,TV-14
Nikkhil Advani,TV-14
Shakun Batra,TV-14
Vikas Bahl,TV-14
Prakash Mehra,TV-14
Anand Ravichandran,TV-MA
Richard Claus,TV-G
Karsten Kiilerich,TV-G
Floria Sigismondi,R
Renzil D'Silva,TV-14
Fritz Böhm,R
Ravishankar Venkateswaran,TV-Y7
David Hunt,PG
Stephen S. Campanelli,TV-MA
Rakesh Ranjan Kumar,TV-MA
Sam Irvin,TV-14
Gary Stretch,R
Desingh Periyasamy,TV-14
Neeraj Udhwani,TV-MA
Patrice Laliberté,TV-MA
Ellen Page,TV-14
Ian Daniel,TV-14
Prentice Penny,TV-MA
Zsolt Pálfi,TV-Y
Nawapol Thamrongrattanarit,TV-MA
Aaron Lieber,PG
Tamas Yvan Topolanszky,TV-MA
Àlex Pastor,TV-MA
David Pastor,TV-MA
Rami Hachache,TV-MA
Gabriela García Rivas,TV-14
Francesco Lettieri,TV-MA
John Suits,R
Takeru Nakajima,TV-MA
Yoshiyuki Okada,TV-MA
Malik Nejer,TV-14
Susan Walter,R
Masaaki Yuasa,PG
Jeff Tomsic,TV-MA
Scot Armstrong,R
Naman Nitin Mukesh,TV-14
Navjot Gulati,TV-MA
Stephanie Zwane,TV-14
Owen Trevor,TV-PG
Stephanie Turner,TV-MA
Kim Seong-hun,TV-MA
Liz Garbus,R
Mehmet Ada Öztekin,TV-14
Jos Humphrey,TV-Y7
Lynn Shelton,TV-MA
Ruchi Narain,TV-MA
Christophe Charrier,TV-MA
Stanley Nelson,TV-MA
Daniel Calparsoro,TV-MA
Steve Gukas,TV-PG
Kittiphak Thonguam,TV-MA
Cristi Puiu,TV-MA
Sebastian Jones,TV-MA
Ramez Silyan,TV-MA
Cristi Puiu,R
Carlos Sedes,TV-14
Adam B. Stein,R
Zach Lipovsky,R
Lucas Margutti,TV-Y
Athiyan Athirai,TV-14
Zuko Nodada,TV-MA
Madonna,R
Milton Horowitz,TV-MA
Sneha Taurani,TV-14
Matthew Ross,TV-MA
Martin Scorsese,PG
Lee Kirk,TV-14
Ziggy Hofmeyr,TV-14
Yacine Belhousse,TV-MA
Brett Haley,TV-MA
Trivikram Srinivas,TV-14
Kunihiko Yuyama,TV-Y7
Motonori Sakakibara,TV-Y7
Ali Kalthami,TV-14
Meshal Aljaser,TV-14
Mohamed al Salman,TV-14
Faisal al Amer,TV-14
Tolu Awobiyi,TV-14
Walter Taylaur,TV-MA
Daniel Oriahi,TV-MA
Jason Orley,TV-MA
Robert Eagar,TV-PG
Travis Stevens,TV-MA
Mick Grogan,TV-MA
Nora Fingscheidt,TV-MA
Jeethu Joseph,TV-14
Dee Rees,R
Sooni Taraporevala,TV-MA
Linda Korsten,TV-PG
Angelina Jolie,R
R.J. Daniel Hanna,TV-MA
Paco Cabezas,R
Peter Billingsley,R
Jason Zada,PG-13
Richard Phelan,G
Will Becher,G
Rod Cabatana Marmol,TV-MA
Michał Tylka,TV-MA
Oliver Kienle,TV-MA
Brian Webber,TV-PG
Ashutosh Gowariker,TV-14
Takashi Yamazaki,TV-PG
Ryuichi Yagi,TV-PG
Makoto Hanafusa,TV-PG
Pantham Thongsang,TV-MA
Cheewatan Pusitsuksa,TV-MA
Paul Krüger,TV-PG
Anél Stolp,TV-PG
Andibachtiar Yusuf,TV-14
Andrew Dean,TV-MA
Lars Klevberg,PG-13
Lukasz Kosmicki,TV-MA
Shanavas K. Bavakutty,TV-14
Kwabena Gyansah,TV-14
Jeff Baena,R
Kumaran,TV-14
Jared Moshé,R
Austin Peck,TV-14
Anneliese Vandenberg,TV-14
James Bamford,TV-14
Nate Adams,TV-MA
Adam Carolla,TV-MA
Ivan Silvestrini,PG-13
Robert Krantz,PG
Gregory Jacobs,TV-14
Alfonso Cortés-Cavanillas,TV-MA
Xavier Manrique,TV-MA
Richard Gabai,R
Alfons Adetuyi,PG-13
Thomas Astruc,TV-Y7
Erwin van den Eshof,TV-G
G.J. Echternkamp,TV-MA
Sooraj R. Barjatya,TV-G
Hikari,TV-MA
Jean-Claude Flamand-Barny,TV-MA
Lana Wilson,TV-MA
Shannon Hartman,TV-MA
David Oelhoffen,TV-MA
Ramesh Sippy,TV-14
Ajay Bhuyan,TV-MA
Josh Z. Weinstein,PG
Joshua Z. Weinstein,PG
Chung Mong-hong,TV-MA
Johnny Breedt,TV-MA
César Rodrigues,TV-PG
Quek Shio-chuan,TV-14
Pablo Stoll,TV-MA
Juan Pablo Rebella,TV-MA
Krysia Plonka,TV-MA
Madhumita,TV-14
Debamitra Biswal,TV-14
David Lynch,TV-14
Tyler Perry,TV-MA
Caryn Waechter,TV-14
Tim Hill,PG
Numa Perrier,TV-MA
Brian Helgeland,R
Yoshiyuki Momose,TV-14
Danny Boyle,R
Rima Das,TV-14
Paco Plaza,TV-MA
Andrew Goth,R
William Kaufman,TV-MA
David Benioff,TV-MA
D.B. Weiss,TV-MA
Steve Boettcher,TV-14
Mikhil Musale,TV-MA
Tom Green,R
Don Michael Paul,TV-MA
David Lowery,R
Maria Ripoll,TV-MA
Yibrán Asuad,TV-14
Mohit Suri,TV-14
Edwin,TV-14
Vadim Jean,TV-PG
Mark A.Z. Dippé,TV-Y
Kyung Ho Lee,TV-Y
Mark A.Z. Dippé,TV-Y7
Eondeok Han,TV-Y7
Mark A.Z. Dippé,G
Michael Simon,TV-MA
John A. Davis,G
Tetsuo Yajima,TV-Y7
Edwin,TV-MA
Steve Rash,R
Ravi Babu,TV-14
Soumitra Ranade,TV-MA
Jon Rosenbaum,PG-13
Bruce Leddy,TV-MA
Yuki Yamato,TV-MA
Andrew Wessels,TV-MA
Emir Kusturica,TV-14
Elisa Fuksas,TV-MA
Lee Toland Krieger,TV-MA
Akiyuki Shinbo,TV-PG
Nobuyuki Takeuchi,TV-PG
Ron Oliver,PG-13
Shojiro Nishimi,R
Guillaume Renard,R
J.D. Dillard,PG-13
Pepe Bojórquez,TV-14
Rhys Thomas,TV-PG
David M. Rosenthal,R
Louise Alston,TV-Y
Sunkanmi Adebayo,TV-PG
Frank Rajah Arase,TV-PG
Fernando Meirelles,PG-13
Sebastian DiNatale,TV-MA
Nuhash Humayun,TV-MA
Syed Ahmed Shawki,TV-MA
Rahat Rahman,TV-MA
Robiul Alam Robi,TV-MA
Golam Kibria Farooki,TV-MA
Mir Mukarram Hossain,TV-MA
Tanvir Ahsan,TV-MA
Mahmudul Islam,TV-MA
Abdullah Al Noor,TV-MA
Krishnendu Chattopadhyay,TV-MA
Syed Saleh Ahmed Sobhan,TV-MA
Tom Hooper,R
Karan Anshuman,TV-14
Obi Emelonye,TV-MA
Farhan Akhtar,TV-14
Mrighdeep Singh Lamba,TV-14
Abhinay Deo,TV-14
Tsutomu Mizushima,TV-PG
Reema Kagti,TV-14
Jadesola Osiberu,TV-14
Vijay Lalwani,TV-14
Farhan Akhtar,TV-PG
Zoya Akhtar,TV-14
Abhishek Kapoor,TV-14
Michael Bay,R
Bunmi Ajakaiye,TV-MA
Ding-Lin Wang,TV-MA
Richard van't Riet,TV-MA
Shonali Bose,TV-MA
Sameh Abdulaziz,TV-14
Lance Bangs,TV-MA
Robbie Countryman,TV-PG
Trey Edward Shults,R
Sujeeth,TV-14
Alexandre Avancini,PG-13
BB Sasore,TV-14
Noah Baumbach,R
Atsuko Ishizuka,TV-MA
Eric Aghimien,TV-MA
Michel Tikhomiroff,TV-MA
Omoni Oboli,TV-PG
John Schultz,TV-PG
Linda Mendoza,TV-MA
Michelle Johnston,PG
Vijay Kumar Arora,TV-PG
Matt Shakman,R
Mikhail Red,TV-MA
Pankaj Batra,TV-14
Navaniat Singh,TV-14
Gaurav Bavdankar,TV-14
Jagdeep Sidhu,TV-PG
Tanawat Aiemjinda,TV-14
Mukesh Vohra,TV-14
Syrine Boulanouar,TV-MA
Nekfeu,TV-MA
Tudor Giurgiu,TV-MA
Luis Ara,TV-G
Ignacio Jaunsolo,TV-G
Abhishek Sharma,TV-14
Mati Diop,TV-14
Jérémy Clapin,TV-MA
Mandla Dube,TV-MA
Cheta Chukwu,TV-MA
Roger Russell,TV-MA
Toka McBaror,TV-14
Leslie Small,TV-PG
Edward Zwick,R
Basava Shankar Eeday,TV-14
Elle-Máijá Tailfeathers,TV-MA
Kathleen Hepburn,TV-MA
Seth Barrish,TV-MA
Sanjiv Jaiswal,TV-14
Julien Abraham,TV-MA
Tsutomu Mizushima,TV-MA
Monika Mitchell,TV-14
Eva Orner,TV-MA
KVR Mahendra,TV-14
Juan Carlos Rulfo,TV-G
Raj R,TV-14
Steve Paley,TV-MA
Robb Dipple,TV-MA
Sarah Gavron,PG-13
Eli Roth,R
Wash Westmoreland,R
Alessandro Angulo,TV-14
Mauro Scandolari,TV-PG
Arjun Jandyala,TV-MA
Shashanka Ghosh,TV-14
Samit Basu,TV-14
Naoko Yamada,TV-PG
Sergio Pablos,PG
Valli Bindana,TV-14
Makoto Shinkai,TV-14
Gautier & Leduc,TV-MA
Christopher Storer,TV-MA
Luke Snellin,PG-13
Xavier Durringer,TV-MA
Pawan Kumar,TV-14
Phillip Youmans,TV-MA
Zhang Yimou,TV-14
Neal Brennan,TV-MA
Azazel Jacobs,R
Jung Ji-woo,TV-MA
Leslie Small,R
Matt D'Avella,TV-14
Parthiban,TV-MA
Savage Steve Holland,TV-Y7
Savage Steve Holland,TV-PG
Scott McAboy,TV-Y
Raymie Muzquiz,TV-PG
Stu Livingston,TV-PG
Stephen Herek,TV-Y
Joe Menendez,TV-PG
Vince Marcello,TV-PG
Eric Bross,TV-Y
Will Eisenberg,TV-Y
Marina Seresesky,TV-MA
Kenny Leon,TV-MA
Harvey Lowry,TV-PG
James Dearden,TV-MA
Ernie Barbarash,TV-PG
Michael A. Nickles,PG
Blayne Weaver,TV-PG
David Michôd,R
Marco Bonfanti,TV-MA
Rodrigo Guardiola,TV-MA
Gabriel Cruz Rivas,TV-MA
Juani Libonatti,TV-MA
DJ Chen,TV-MA
Park Joon-hwa,TV-14
Saravana Rajendran,TV-MA
Brian Volk-Weiss,TV-MA
Matt Kay,TV-G
Craig Brewer,R
Zak Hilditch,TV-MA
Michael Steiner,TV-MA
Andrew Slater,PG-13
Glen Goei,TV-14
Gavin Yap,TV-14
Huw Cordey,TV-PG
Yuen Woo-ping,TV-14
Gillian Robespierre,TV-MA
Ben Wheatley,R
Thomas Vinterberg,PG-13
Adze Ugah,TV-14
Ciarán Foy,TV-MA
Daniel Sánchez Arévalo,TV-MA
Don Omope,TV-MA
Steven Soderbergh,R
Udai Singh Pawar,TV-14
Guntur Soeharjanto,TV-14
Kim Joo-hyung,TV-MA
Ciarán Foy,R
Louie Psihoyos,TV-MA
Ahmet Katıksız,TV-MA
Jean-François Blais,TV-14
Leïla Sy,TV-MA
Kery James,TV-MA
Vince Gilligan,TV-MA
Brad Anderson,TV-MA
Bolanle Austen-Peters,TV-14
Dennis Rovira van Boekholt,TV-MA
Jenny Gage,PG-13
Kaila York,TV-14
Vandana Kataria,TV-MA
Onur Bilgetay,TV-MA
Vincenzo Natali,TV-MA
Tugçe Soysop,TV-PG
Jacob Joice,TV-Y
Luis Javier Henaine,TV-MA
Lee Yoon-jung,TV-14
Roy Poortmans,TV-14
Nicholaus Goossen,TV-MA
Stig Bergqvist,G
Paul Demeyer,G
Igor Kovalyov,G
Norton Virgien,G
Danny Cannon,TV-MA
Mana Yasuda,TV-PG
Gupse Özay,TV-PG
Jim Mickle,TV-MA
Mangesh Hadawale,TV-14
Wong Kar Wai,PG-13
Michael J. Bassett,R
Rahul Ravindran,TV-MA
Archie Borders,TV-MA
Deepti Naval,TV-MA
Scott Aukerman,TV-MA
Mariano Barroso,TV-MA
Kiko Cruz Claverol,TV-MA
Patricia Font,TV-MA
Sandeep Reddy Vanga,TV-MA
Manny Rodriguez,TV-MA
Tom Donahue,TV-PG
Michèle Ohayon,TV-14
B. V. Nandini Reddy,TV-14
Randall Lobb,TV-PG
Alex Stapleton,TV-MA
Teng Huatao,TV-14
Nzingha Stewart,TV-PG
Mike Binder,TV-MA
Anubhav Sinha,TV-MA
Maha Venkatesh,TV-MA
Tharun Bhascker,TV-14
Farhan Alam,TV-14
A. L. Vijay,TV-14
Hayato Date,TV-14
Petra Costa,TV-MA
Lea Glob,TV-MA
Bernie Denk,G
Ahmed Zain,TV-14
Alejandro Fernández Almendras,TV-PG
Jota Linares,TV-MA
Roger Kumble,TV-PG
Wagner de Assis,TV-14
White Trash Tyler,TV-MA
Stan Lathan,TV-MA
Yeung Yat-Tak,TV-MA
Rai Yuvraj Bains,TV-PG
Sunil Thakur,TV-14
Muh Chen,TV-PG
Saurabh Sinha,TV-14
Ashwin Saravanan,TV-MA
Julia Knowles,TV-MA
Tarsem Singh,PG-13
Michael Tiddes,TV-14
Kepa Sojo,TV-MA
Cho Li,TV-MA
Chen Hung-yi,TV-MA
Liu Bang-yao,TV-MA
Lin Guan-fu,TV-MA
Shen Chi,TV-MA
YC Tom Lee,TV-MA
Manu Ashokan,TV-14
Anita Udeep,TV-MA
Vlad Yudin,TV-MA
Aadish Keluskar,TV-MA
Joe Murray,TV-Y7
Cosmo Segurson,TV-Y7
Jesse Moss,TV-14
Shin Won-ho,TV-MA
Sujoy Ghosh,TV-14
John Asher,TV-MA
Joe DeMaio,TV-MA
Alex Burunova,TV-MA
Jesús Torres Torres,TV-MA
Erwin van den Eshof,TV-14
Vijay Kumar,TV-14
Phanindra Narsetti,TV-14
Gideon Raff,TV-MA
Jorge M. Fontana,TV-MA
Mikhail Red,TV-14
Olivier Afonso,TV-MA
Jay Chapman,TV-MA
Jay Karas,TV-MA
Demetri Martin,TV-MA
Dante Lam,TV-14
Chi Keung Fung,TV-14
Corey Yuen,TV-14
Patrick Leung,TV-14
To-hoi Kong,TV-MA
Frank Ariza,TV-MA
Jerry Seinfeld,TV-14
Aditya Sarpotdar,TV-14
Nisheeta Keni,TV-PG
Daniel Gray Longino,TV-14
Gerardo Olivares,TV-MA
Wi Ding Ho,TV-MA
Thomas Sieben,TV-MA
Joe Lynch,TV-MA
Spike Jonze,TV-MA
Sittisiri Mongkolsiri,TV-MA
Robbie Grewal,TV-14
Thiagarajan Kumararaja,TV-MA
Kate Horne,TV-14
Roberto Girault Facha,TV-MA
Paul Thomas Anderson,TV-PG
Marcos Bucay,TV-MA
Kevin Bray,TV-MA
Jesse V. Johnson,R
Jesse Johnson,R
Miguel Cohan,TV-MA
Luis Alberto Restrepo,TV-MA
Andrés Beltrán,TV-MA
Jaime Rayo,TV-MA
Hideaki Anno,TV-MA
Kazuya Tsurumaki,TV-MA
Abhijit Kokate,TV-MA
Srivinay Salian,TV-MA
Antonin Baudry,TV-14
Jon Watts,R
Jakob Lass,TV-MA
Sanjay Jadhav,TV-14
Vinod Kapri,TV-14
Bruno Garotti,TV-PG
Kyle Newacheck,PG-13
Mark Ritchie,TV-PG
Rocky Soraya,TV-MA
Federico Veiroj,TV-MA
Isabel Coixet,TV-MA
Grant Sputore,TV-PG
Laxman Utekar,TV-PG
Juan Antin,PG
Hanno Olderdissen,TV-PG
Amar Kaushik,TV-MA
Reginald Hudlin,TV-MA
Eva Trobisch,TV-MA
Naoko Yamada,TV-14
Mathieu Auvray,TV-MA
Marcus Raboy,TV-14
Datta Mohan Bhandare,TV-14
Sanjib Dey,TV-MA
Daniel Yee Heng Chan,TV-14
Rakeysh Omprakash Mehra,TV-MA
Han Han,TV-MA
Jang Jae-hyun,TV-MA
Sudabeh Mortezai,TV-MA
McG,TV-14
Richard Shepard,TV-MA
Vasan Bala,TV-14
Pedring A. Lopez,TV-MA
Francesco Imperato,TV-MA
Stefon Bristol,TV-MA
Kate Melville,TV-PG
Aditya Vikram Sengupta,TV-MA
Mandie Fletcher,TV-PG
Aijaz Khan,TV-MA
Gonzalo López-Gallego,R
Hepi Mita,TV-14
Che Sandoval,TV-MA
Jean-Bernard Marlin,TV-MA
Yee Tung-Shing,TV-14
Amy Poehler,R
Yen Cheng-kuo,TV-MA
Frant Gwo,TV-MA
Felipe Cano,TV-MA
Gabriela Tagliavini,TV-MA
Joe Berlinger,R
Lee Jeong-beom,TV-MA
William Bindley,TV-14
Manav Shah,TV-PG
Michael Epstein,TV-MA
Rachel Lears,PG
Syamsul Yusof,TV-MA
Mangesh Kanthale,TV-14
Herman Yau,TV-MA
Dar Gai,TV-MA
Sathyan Anthikad,TV-PG
Bille August,TV-MA
Sarthak Dasgupta,TV-14
Jennifer Kaytin Robinson,R
Renato De Maria,TV-MA
Alan Rickman,R
Ulises Valencia,TV-MA
Richard Curtis,R
Nagesh Kukunoor,TV-MA
Suparn Verma,TV-14
Anant Balani,TV-14
Soukarya Ghosal,TV-14
Leena Yadav,TV-14
Amitabha Singh,TV-PG
Dallas Jackson,TV-MA
Hasan Karacadağ,TV-MA
Chris Nelson,TV-14
Lee Kyoungmi,TV-MA
Yim Pilsung,TV-MA
Jeon Go-woon,TV-MA
Kim Jong-kwan,TV-MA
John R. Leonetti,PG-13
Rajiv Menon,TV-14
Jeremiah Jones,TV-MA
Karthik Subbaraj,TV-14
Brie Larson,TV-14
Anggy Umbara,TV-MA
Shelly Chopra Dhar,TV-14
Shanjey Kumar Perumal,TV-MA
Tianyu Zhao,TV-14
Shazia Ali Khan,TV-MA
Erik White,TV-MA
Owen Egerton,TV-14
"Sam ""Blitz"" Bazawule",TV-14
Swapnaneel Jayakar,TV-14
Kyzza Terrazas,TV-MA
John Lee Hancock,R
Awi Suryadi,TV-MA
Ryan Polito,TV-PG
Raj Babu,TV-14
Javier Ruiz Caldera,TV-MA
Chanon Yingyong,TV-MA
Phuwanit Pholdee,TV-MA
Oriol Paulo,TV-MA
Wenn V. Deramas,TV-14
Joyce Bernal,TV-14
Jason Paul Laxamana,TV-MA
Maryo J. De los Reyes,TV-MA
Theodore Boborol,TV-PG
Luis Ara,TV-MA
Karan Shivajirao Chavan,TV-PG
Vikram Tanajirao Patil,TV-PG
Amy Schumer,TV-MA
Richard Loncraine,PG-13
Pia Sukanya,TV-MA
Yann Gozlan,TV-MA
Lukas Dhont,R
Matthew McNeil,TV-MA
Frank W Chen,TV-14
Maryo J. De los Reyes,TV-14
Olivia M. Lamasan,TV-14
Joyce Bernal,TV-MA
Theodore Boborol,TV-14
Cathy Garcia-Molina,TV-MA
J.C. Chandor,R
Ibrahim Bin Mohamed,TV-14
Hasan Aljaberi,TV-14
Clark Johnson,TV-MA
Emmanuel Mouret,TV-MA
Conor Allyn,TV-PG
Haifaa Al-Mansour,TV-MA
Nuel Naval,TV-MA
Keoni Waxman,TV-MA
Ruel S. Bayani,TV-MA
Isao Yukisada,TV-MA
Nottapon Boonprakob,TV-MA
Xavier Gens,TV-MA
Jonathan A. Rosenbaum,TV-G
Franck Phelizon,TV-14
Peter Howitt,TV-G
Chiwetel Ejiofor,TV-PG
Rodrigo Salomón,TV-MA
Pietro Scappini,TV-MA
Mark Waters,PG
Miguel Ángel Vivas,TV-MA
Carlos Vermut,TV-MA
Mae Czarina Cruz,TV-PG
Sridhar Rangayan,TV-PG
Cathy Garcia-Molina,TV-PG
Olivia M. Lamasan,TV-MA
Michael Blieden,TV-MA
Pawan K Shrivastava,TV-PG
Mar Targarona,TV-MA
Aruna Raje,TV-MA
Alex Lehmann,TV-MA
Elisabeth Vogler,TV-MA
Parambrata Chatterjee,TV-PG
Woo Min-ho,TV-MA
Paul Miller,TV-PG
Michael Del Monte,TV-MA
Suseenthiran,TV-14
Kevin MacDonald,R
Prasanth Varma,TV-MA
Gangadhar Salimath,TV-MA
Marcelo Galvão,TV-MA
Shanawaz Nellikunnil,TV-MA
Sudhir Mishra,TV-14
Rajat Kapoor,TV-14
Lars Kaalund,TV-MA
Hari Nath,TV-14
Saket Chaudhary,TV-MA
Tanuja Chandra,TV-14
Jackie van Beek,TV-MA
Madeleine Sami,TV-MA
Sachin Kamlakar Khot,TV-14
Daniel Monzón,TV-MA
Jon M. Chu,TV-MA
Steven Soderbergh,TV-MA
Tom Stern,TV-PG
Kelly Duane de la Vega,TV-MA
Julio Medem,TV-MA
Michael Showalter,TV-MA
Johnny Kevorkian,TV-MA
Amshan Kumar,TV-14
Hsu Chih-yen,TV-MA
Mag Hsu,TV-MA
Rick Morales,TV-Y7
Michael D. Black,TV-Y7
Dan Gilroy,R
Mamat Khalid,TV-PG
Nishil Sheth,TV-14
Byun Hyuk,TV-MA
Zoe Berriatúa,TV-MA
Faozan Rizal,TV-14
Mansore,TV-MA
Kuntz Agus,TV-14
Meisa Felaroze,TV-14
Jerrold Tarog,TV-MA
Laura Alvea,TV-MA
José Ortuño,TV-MA
Gastón Duprat,TV-MA
Andy Caballero,TV-MA
Diego Corsini,TV-MA
Seren Yüce,TV-MA
Jonathan Helpert,TV-14
André D'Elia,TV-14
Matías Gueilburt,TV-MA
Ivan Ayr,TV-MA
Hashim Nadeem Khan,TV-14
Sarjun,TV-14
Feroz,TV-MA
Syed Atif Ali,TV-14
Lee Seung-won,TV-MA
Rik Reinholdtsen,TV-MA
Gauravv K Chawla,TV-MA
Hugo Stuven,TV-MA
Greg Pritikin,TV-MA
Kobun Shizuno,TV-PG
Hiroyuki Seshita,TV-PG
Kunal Kohli,TV-14
Noor Imran Mithu,TV-14
Nonzee Nimibutr,TV-MA
Ísold Uggadóttir,TV-14
Genevieve Nnaji,TV-PG
Terry Gilliam,PG
Terry Jones,PG
Yanyong Kuruaungkoul,TV-14
Lenin Bharathi,TV-MA
Ranjit Jeyakodi,TV-MA
Ram,TV-MA
John Fortenberry,TV-MA
Chris Bould,TV-MA
Kevin Booth,TV-MA
David Johndrow,TV-MA
Walter C. Miller,TV-MA
Noriyuki Abe,TV-14
Ellen Brown,TV-MA
Matt Askem,TV-MA
Rob Zombie,TV-14
Álvaro Brechner,TV-MA
Rakesh Mehta,TV-MA
Gonzalo Bendala,TV-MA
Noam Murro,TV-PG
Kheiron,TV-MA
Susanne Bier,R
Gilbert Chan,R
Rarecho,TV-PG
Steve Cheng,TV-MA
Sam Loh,TV-MA
Jason Lai,TV-MA
Samit Kakkad,TV-MA
Joel Gallen,TV-MA
Tig Notaro,TV-MA
Prasobh Vijayan,TV-MA
Jon Rosenbaum,TV-G
Sriram Raghavan,TV-14
Elaine Bogan,TV-PG
John Sanford,TV-PG
Michael Cuesta,R
David Cronenberg,R
Thom Zimny,TV-MA
James Marsh,PG-13
Sean Olson,TV-PG
Sigrid Andrea Bernardo,TV-14
Manoj Beedha,TV-MA
Alfonso Cuarón,R
Marco Risi,TV-14
Anne Fletcher,PG-13
Andy Serkis,PG-13
Mat King,TV-MA
Bert Marcus,TV-MA
Ahsan Rahim,TV-14
Andrew Lau Wai-Keung,TV-14
Cheang Pou Soi,TV-MA
Katarina Launing,TV-MA
Johnnie To,TV-MA
Lawrence Cheng,TV-14
Prakash Balwant Saini,TV-14
Nam Ron,TV-14
Johnnie To,TV-PG
Johnnie To,TV-14
Baljit Singh Deo,TV-14
Leung Lok Man,TV-14
Luk Kim-ching,TV-14
Jazz Boon,TV-MA
Felix Chong,TV-MA
Dhanush,TV-MA
Gary Mak,TV-MA
Liu Jiang,TV-MA
Joseduardo Giordano,TV-MA
Sergio Goyri Jr.,TV-MA
Alice Rohrwacher,PG-13
Nandita Das,TV-MA
Leena Yadav,TV-MA
Romain Gavras,TV-MA
Sebastián Hofmann,TV-MA
Denny Lu,TV-Y
Mike Myhre,TV-Y
Clay Kaytis,TV-PG
Fernando Colomo,TV-MA
Robert Vince,PG
Raditya Dika,TV-14
David Paul Meyer,TV-MA
Leslie Iwerks,G
Daniel Goldhaber,TV-MA
Fred Cavayé,TV-MA
Joel Coen,R
Ethan Coen,R
V C Abhilash,TV-PG
Justin G. Dyck,PG
Nila Madhab Panda,TV-14
Timo Tjahjanto,TV-MA
Nishanth Ravindaran,TV-14
Jathin Sanker Raj,TV-14
Swapna Waghmare Joshi,TV-14
Aitor Arregi,TV-14
Jon Garaño,TV-14
Erik Matti,TV-MA
Vincent Kok,TV-14
Christian Zübert,TV-MA
David Mackenzie,R
Tejas Prabha Vijay Deoskar,TV-14
Matheus Souza,TV-MA
Bradley Walsh,TV-G
Orson Welles,R
Morgan Neville,TV-MA
Indrajit Nattoji,TV-14
Raj Kumar Gupta,TV-14
Remo D'Souza,TV-14
Arnab Chaudhuri,TV-14
Rana Ranbir,TV-14
Priyadarshan,TV-14
Kookie V. Gulati,TV-14
Vivek Agnihotri,TV-14
Umesh Shukla,TV-14
Habib Faisal,TV-PG
Bobby Roth,TV-MA
Halder Gomes,TV-MA
Amitoj Mann,TV-14
Raj Kumar Gupta,TV-MA
B. Unnikrishnan,TV-14
Madhur Bhandarkar,TV-MA
Sajid Khan,TV-14
Saji Surendran,TV-14
Ksshitij Chaudhary,TV-PG
Abhishek Kapoor,TV-MA
Sundar C.,TV-14
Gary Binkow,TV-MA
Nikhil Advani,TV-14
Nishikant Kamat,TV-MA
Navinder Pal Singh,TV-14
Dibakar Banerjee,TV-14
Tigmanshu Dhulia,TV-14
Kunal Deshmukh,TV-14
R. Kannan,TV-14
Gaurav Narayanan,TV-14
Kevin Layne,TV-MA
Jennifer M. Kroot,TV-MA
Akin Omotoso,TV-MA
Satyajit Bhatkal,PG
Dani de la Torre,TV-MA
Jerrold Tarog,R
Wilson Yip,TV-14
Aleksey German,PG-13
Sergio Barrejón,TV-MA
Vijay Yelakanti,TV-MA
Steve Brill,TV-MA
Joanna Lombardi,TV-MA
Bruno Ascenzo,TV-MA
Kim Jee-woon,TV-MA
Rajesh Touchriver,TV-14
David Lam,TV-MA
Thiru,TV-MA
Tom Forrest,TV-MA
Anik Datta,TV-MA
Rajkumar Hirani,TV-MA
Shaad Ali,TV-14
Gareth Evans,TV-MA
Paul Urkijo Alijo,TV-MA
Rizal Mantovani,TV-14
Sara Colangelo,R
Rusty Cundieff,R
Darin Scott,R
Kabir Bhatia,TV-14
Chris Eigeman,PG-13
Olaf de Fleur,TV-MA
Tamara Jenkins,R
Kavi Raz,PG-13
Nick Simon,TV-MA
Eric Idle,TV-MA
Aubrey Powell,TV-MA
Will Yapp,TV-MA
Terry Hughes,R
Ian MacNaughton,R
Roger Graef,TV-MA
James Rogan,TV-MA
Terry Jones,R
Ian MacNaughton,TV-14
Simranjit Singh Hundal,TV-14
Ram Gopal Varma,TV-14
N. Linguswamy,TV-14
Deep Joshi,TV-14
Rakeysh Omprakash Mehra,TV-14
Manjeet Maan,TV-PG
Amarpreet G S Chabbra,TV-14
Paresh Mokashi,TV-PG
Rohit Jugraj,TV-14
Atharv Baluja,TV-PG
Vishal Bhardwaj,TV-14
Puneet Sira,TV-14
Aziz Mirza,TV-14
Sameer Sharma,TV-14
Chandan Arora,TV-PG
Amitoj Mann,TV-PG
Mysskin,TV-14
Rajan Madhav,TV-14
Raaghav Dar,TV-14
Ishi Rudell,TV-Y
David Lee Miller,TV-MA
Thiru,TV-14
Amit Saxena,TV-14
Pankaj Batra,TV-PG
Jaivi Dhanda,TV-14
Suman Ghosh,TV-14
Kabir Khan,TV-14
Akshay Akkineni,TV-14
Nidhi Sharma,TV-PG
Vipin Parashar,TV-PG
Vikram Pradhan,TV-14
Vijay,TV-14
